timestamp,system_id,dc_power_kw,dc_voltage_v,dc_current_a,irradiance_wm2
2024-06-01T00:00:00,SYS-001,0.0,0.0,0.0,0
2024-06-01T00:00:00,SYS-002,0.0,0.0,0.0,0
2024-06-01T00:00:00,SYS-003,0.0,0.0,0.0,0
2024-06-01T00:00:00,SYS-004,0.0,0.0,0.0,0
2024-06-01T01:00:00,SYS-001,0.0,0.0,0.0,0
2024-06-01T01:00:00,SYS-002,0.0,0.0,0.0,0
2024-06-01T01:00:00,SYS-003,0.0,0.0,0.0,0
2024-06-01T01:00:00,SYS-004,0.0,0.0,0.0,0
2024-06-01T02:00:00,SYS-001,0.0,0.0,0.0,0
2024-06-01T02:00:00,SYS-002,0.0,0.0,0.0,0
2024-06-01T02:00:00,SYS-003,0.0,0.0,0.0,0
2024-06-01T02:00:00,SYS-004,0.0,0.0,0.0,0
2024-06-01T03:00:00,SYS-001,0.0,0.0,0.0,0
2024-06-01T03:00:00,SYS-002,0.0,0.0,0.0,0
2024-06-01T03:00:00,SYS-003,0.0,0.0,0.0,0
2024-06-01T03:00:00,SYS-004,0.0,0.0,0.0,0
2024-06-01T04:00:00,SYS-001,0.0,0.0,0.0,0
2024-06-01T04:00:00,SYS-002,0.0,0.0,0.0,0
2024-06-01T04:00:00,SYS-003,0.0,0.0,0.0,0
2024-06-01T04:00:00,SYS-004,0.0,0.0,0.0,0
2024-06-01T05:00:00,SYS-001,0.0,0.0,0.0,0
2024-06-01T05:00:00,SYS-002,0.0,0.0,0.0,0
2024-06-01T05:00:00,SYS-003,0.0,0.0,0.0,0
2024-06-01T05:00:00,SYS-004,0.0,0.0,0.0,0
2024-06-01T06:00:00,SYS-001,0.0,0.0,0.0,0
2024-06-01T06:00:00,SYS-002,0.0,0.0,0.0,0
2024-06-01T06:00:00,SYS-003,0.0,0.0,0.0,0
2024-06-01T06:00:00,SYS-004,0.0,0.0,0.0,0
2024-06-01T07:00:00,SYS-001,119.35,772.5,154.5,250.8
2024-06-01T07:00:00,SYS-002,60.29,773.3,77.96,253.6
2024-06-01T07:00:00,SYS-003,78.14,774.1,100.94,256.4
2024-06-01T07:00:00,SYS-004,44.4,775.0,57.29,259.4
2024-06-01T08:00:00,SYS-001,237.53,844.2,281.37,499.2
2024-06-01T08:00:00,SYS-002,117.59,842.9,139.51,494.6
2024-06-01T08:00:00,SYS-003,144.89,837.4,173.02,475.4
2024-06-01T08:00:00,SYS-004,84.46,842.6,100.24,493.4
2024-06-01T09:00:00,SYS-001,324.45,897.0,361.71,681.8
2024-06-01T09:00:00,SYS-002,164.05,899.4,182.4,690.0
2024-06-01T09:00:00,SYS-003,204.31,893.7,228.61,670.3
2024-06-01T09:00:00,SYS-004,118.87,900.7,131.98,694.4
2024-06-01T10:00:00,SYS-001,398.47,942.0,423.0,837.3
2024-06-01T10:00:00,SYS-002,198.41,941.1,210.83,834.5
2024-06-01T10:00:00,SYS-003,265.68,951.9,279.1,871.7
2024-06-01T10:00:00,SYS-004,140.76,937.6,150.13,822.3
2024-06-01T11:00:00,SYS-001,436.49,965.0,452.32,917.2
2024-06-01T11:00:00,SYS-002,214.52,960.7,223.3,902.3
2024-06-01T11:00:00,SYS-003,293.24,978.0,299.84,962.1
2024-06-01T11:00:00,SYS-004,154.56,960.9,160.85,902.9
2024-06-01T12:00:00,SYS-001,459.46,979.0,469.32,965.5
2024-06-01T12:00:00,SYS-002,234.4,984.9,237.99,985.9
2024-06-01T12:00:00,SYS-003,296.34,980.9,302.11,972.3
2024-06-01T12:00:00,SYS-004,170.55,987.9,172.64,996.3
2024-06-01T13:00:00,SYS-001,448.79,972.5,461.48,943.1
2024-06-01T13:00:00,SYS-002,218.01,965.0,225.92,917.0
2024-06-01T13:00:00,SYS-003,285.8,971.0,294.34,937.7
2024-06-01T13:00:00,SYS-004,158.88,968.2,164.1,928.2
2024-06-01T14:00:00,SYS-001,385.68,934.2,412.85,810.5
2024-06-01T14:00:00,SYS-002,194.93,936.9,208.06,819.9
2024-06-01T14:00:00,SYS-003,253.1,940.0,269.26,830.4
2024-06-01T14:00:00,SYS-004,149.25,951.9,156.79,871.9
2024-06-01T15:00:00,SYS-001,330.32,900.6,366.78,694.1
2024-06-01T15:00:00,SYS-002,163.59,898.8,182.01,688.1
2024-06-01T15:00:00,SYS-003,211.08,900.1,234.51,692.5
2024-06-01T15:00:00,SYS-004,113.46,891.5,127.27,662.8
2024-06-01T16:00:00,SYS-001,233.09,841.5,276.99,489.8
2024-06-01T16:00:00,SYS-002,110.67,834.5,132.62,465.5
2024-06-01T16:00:00,SYS-003,151.62,843.7,179.71,497.5
2024-06-01T16:00:00,SYS-004,85.58,844.5,101.34,500.0
2024-06-01T17:00:00,SYS-001,116.95,771.0,151.69,245.8
2024-06-01T17:00:00,SYS-002,60.2,773.2,77.86,253.2
2024-06-01T17:00:00,SYS-003,78.34,774.3,101.18,257.0
2024-06-01T17:00:00,SYS-004,44.41,775.0,57.3,259.4
2024-06-01T18:00:00,SYS-001,0.0,0.0,0.0,0.0
2024-06-01T18:00:00,SYS-002,0.0,0.0,0.0,0.0
2024-06-01T18:00:00,SYS-003,0.0,0.0,0.0,0.0
2024-06-01T18:00:00,SYS-004,0.0,0.0,0.0,0.0
2024-06-01T19:00:00,SYS-001,0.0,0.0,0.0,0
2024-06-01T19:00:00,SYS-002,0.0,0.0,0.0,0
2024-06-01T19:00:00,SYS-003,0.0,0.0,0.0,0
2024-06-01T19:00:00,SYS-004,0.0,0.0,0.0,0
2024-06-01T20:00:00,SYS-001,0.0,0.0,0.0,0
2024-06-01T20:00:00,SYS-002,0.0,0.0,0.0,0
2024-06-01T20:00:00,SYS-003,0.0,0.0,0.0,0
2024-06-01T20:00:00,SYS-004,0.0,0.0,0.0,0
2024-06-01T21:00:00,SYS-001,0.0,0.0,0.0,0
2024-06-01T21:00:00,SYS-002,0.0,0.0,0.0,0
2024-06-01T21:00:00,SYS-003,0.0,0.0,0.0,0
2024-06-01T21:00:00,SYS-004,0.0,0.0,0.0,0
2024-06-01T22:00:00,SYS-001,0.0,0.0,0.0,0
2024-06-01T22:00:00,SYS-002,0.0,0.0,0.0,0
2024-06-01T22:00:00,SYS-003,0.0,0.0,0.0,0
2024-06-01T22:00:00,SYS-004,0.0,0.0,0.0,0
2024-06-01T23:00:00,SYS-001,0.0,0.0,0.0,0
2024-06-01T23:00:00,SYS-002,0.0,0.0,0.0,0
2024-06-01T23:00:00,SYS-003,0.0,0.0,0.0,0
2024-06-01T23:00:00,SYS-004,0.0,0.0,0.0,0
2024-06-02T00:00:00,SYS-001,0.0,0.0,0.0,0
2024-06-02T00:00:00,SYS-002,0.0,0.0,0.0,0
2024-06-02T00:00:00,SYS-003,0.0,0.0,0.0,0
2024-06-02T00:00:00,SYS-004,0.0,0.0,0.0,0
2024-06-02T01:00:00,SYS-001,0.0,0.0,0.0,0
2024-06-02T01:00:00,SYS-002,0.0,0.0,0.0,0
2024-06-02T01:00:00,SYS-003,0.0,0.0,0.0,0
2024-06-02T01:00:00,SYS-004,0.0,0.0,0.0,0
2024-06-02T02:00:00,SYS-001,0.0,0.0,0.0,0
2024-06-02T02:00:00,SYS-002,0.0,0.0,0.0,0
2024-06-02T02:00:00,SYS-003,0.0,0.0,0.0,0
2024-06-02T02:00:00,SYS-004,0.0,0.0,0.0,0
2024-06-02T03:00:00,SYS-001,0.0,0.0,0.0,0
2024-06-02T03:00:00,SYS-002,0.0,0.0,0.0,0
2024-06-02T03:00:00,SYS-003,0.0,0.0,0.0,0
2024-06-02T03:00:00,SYS-004,0.0,0.0,0.0,0
2024-06-02T04:00:00,SYS-001,0.0,0.0,0.0,0
2024-06-02T04:00:00,SYS-002,0.0,0.0,0.0,0
2024-06-02T04:00:00,SYS-003,0.0,0.0,0.0,0
2024-06-02T04:00:00,SYS-004,0.0,0.0,0.0,0
2024-06-02T05:00:00,SYS-001,0.0,0.0,0.0,0
2024-06-02T05:00:00,SYS-002,0.0,0.0,0.0,0
2024-06-02T05:00:00,SYS-003,0.0,0.0,0.0,0
2024-06-02T05:00:00,SYS-004,0.0,0.0,0.0,0
2024-06-02T06:00:00,SYS-001,0.0,0.0,0.0,0
2024-06-02T06:00:00,SYS-002,0.0,0.0,0.0,0
2024-06-02T06:00:00,SYS-003,0.0,0.0,0.0,0
2024-06-02T06:00:00,SYS-004,0.0,0.0,0.0,0
2024-06-02T07:00:00,SYS-001,113.38,774.3,146.43,238.3
2024-06-02T07:00:00,SYS-002,56.02,773.5,72.42,235.6
2024-06-02T07:00:00,SYS-003,71.89,773.6,92.93,235.9
2024-06-02T07:00:00,SYS-004,40.09,773.1,51.86,234.2
2024-06-02T08:00:00,SYS-001,212.35,839.2,253.04,446.2
2024-06-02T08:00:00,SYS-002,109.45,843.6,129.74,460.4
2024-06-02T08:00:00,SYS-003,139.06,842.3,165.1,456.2
2024-06-02T08:00:00,SYS-004,78.72,843.5,93.33,459.9
2024-06-02T09:00:00,SYS-001,296.44,894.3,331.48,622.9
2024-06-02T09:00:00,SYS-002,147.8,893.9,165.34,621.7
2024-06-02T09:00:00,SYS-003,198.88,903.5,220.12,652.5
2024-06-02T09:00:00,SYS-004,111.95,904.0,123.84,654.0
2024-06-02T10:00:00,SYS-001,357.65,934.4,382.76,751.6
2024-06-02T10:00:00,SYS-002,186.97,945.3,197.79,786.4
2024-06-02T10:00:00,SYS-003,240.56,946.2,254.24,789.3
2024-06-02T10:00:00,SYS-004,132.27,941.0,140.56,772.7
2024-06-02T11:00:00,SYS-001,404.38,965.1,419.0,849.8
2024-06-02T11:00:00,SYS-002,210.45,976.1,215.6,885.2
2024-06-02T11:00:00,SYS-003,274.33,980.8,279.7,900.1
2024-06-02T11:00:00,SYS-004,145.18,964.6,150.51,848.1
2024-06-02T12:00:00,SYS-001,443.35,990.6,447.56,931.7
2024-06-02T12:00:00,SYS-002,213.24,979.8,217.64,896.9
2024-06-02T12:00:00,SYS-003,266.67,972.9,274.1,874.9
2024-06-02T12:00:00,SYS-004,152.43,977.8,155.89,890.5
2024-06-02T13:00:00,SYS-001,414.66,971.8,426.69,871.4
2024-06-02T13:00:00,SYS-002,207.88,972.8,213.69,874.4
2024-06-02T13:00:00,SYS-003,263.05,969.2,271.41,863.0
2024-06-02T13:00:00,SYS-004,149.71,972.8,153.9,874.6
2024-06-02T14:00:00,SYS-001,374.66,945.6,396.21,787.3
2024-06-02T14:00:00,SYS-002,184.08,941.5,195.52,774.3
2024-06-02T14:00:00,SYS-003,240.77,946.4,254.41,790.0
2024-06-02T14:00:00,SYS-004,134.39,944.9,142.23,785.1
2024-06-02T15:00:00,SYS-001,305.6,900.3,339.44,642.2
2024-06-02T15:00:00,SYS-002,148.57,894.9,166.02,624.9
2024-06-02T15:00:00,SYS-003,196.37,901.0,217.95,644.3
2024-06-02T15:00:00,SYS-004,105.0,891.3,117.81,613.4
2024-06-02T16:00:00,SYS-001,206.59,835.4,247.29,434.1
2024-06-02T16:00:00,SYS-002,110.96,845.6,131.22,466.7
2024-06-02T16:00:00,SYS-003,136.47,839.7,162.52,447.7
2024-06-02T16:00:00,SYS-004,77.65,841.5,92.28,453.6
2024-06-02T17:00:00,SYS-001,112.06,773.5,144.87,235.5
2024-06-02T17:00:00,SYS-002,57.2,775.1,73.8,240.6
2024-06-02T17:00:00,SYS-003,69.81,771.4,90.5,229.0
2024-06-02T17:00:00,SYS-004,40.27,773.4,52.07,235.2
2024-06-02T18:00:00,SYS-001,0.0,0.0,0.0,0.0
2024-06-02T18:00:00,SYS-002,0.0,0.0,0.0,0.0
2024-06-02T18:00:00,SYS-003,0.0,0.0,0.0,0.0
2024-06-02T18:00:00,SYS-004,0.0,0.0,0.0,0.0
2024-06-02T19:00:00,SYS-001,0.0,0.0,0.0,0
2024-06-02T19:00:00,SYS-002,0.0,0.0,0.0,0
2024-06-02T19:00:00,SYS-003,0.0,0.0,0.0,0
2024-06-02T19:00:00,SYS-004,0.0,0.0,0.0,0
2024-06-02T20:00:00,SYS-001,0.0,0.0,0.0,0
2024-06-02T20:00:00,SYS-002,0.0,0.0,0.0,0
2024-06-02T20:00:00,SYS-003,0.0,0.0,0.0,0
2024-06-02T20:00:00,SYS-004,0.0,0.0,0.0,0
2024-06-02T21:00:00,SYS-001,0.0,0.0,0.0,0
2024-06-02T21:00:00,SYS-002,0.0,0.0,0.0,0
2024-06-02T21:00:00,SYS-003,0.0,0.0,0.0,0
2024-06-02T21:00:00,SYS-004,0.0,0.0,0.0,0
2024-06-02T22:00:00,SYS-001,0.0,0.0,0.0,0
2024-06-02T22:00:00,SYS-002,0.0,0.0,0.0,0
2024-06-02T22:00:00,SYS-003,0.0,0.0,0.0,0
2024-06-02T22:00:00,SYS-004,0.0,0.0,0.0,0
2024-06-02T23:00:00,SYS-001,0.0,0.0,0.0,0
2024-06-02T23:00:00,SYS-002,0.0,0.0,0.0,0
2024-06-02T23:00:00,SYS-003,0.0,0.0,0.0,0
2024-06-02T23:00:00,SYS-004,0.0,0.0,0.0,0
2024-06-03T00:00:00,SYS-001,0.0,0.0,0.0,0
2024-06-03T00:00:00,SYS-002,0.0,0.0,0.0,0
2024-06-03T00:00:00,SYS-003,0.0,0.0,0.0,0
2024-06-03T00:00:00,SYS-004,0.0,0.0,0.0,0
2024-06-03T01:00:00,SYS-001,0.0,0.0,0.0,0
2024-06-03T01:00:00,SYS-002,0.0,0.0,0.0,0
2024-06-03T01:00:00,SYS-003,0.0,0.0,0.0,0
2024-06-03T01:00:00,SYS-004,0.0,0.0,0.0,0
2024-06-03T02:00:00,SYS-001,0.0,0.0,0.0,0
2024-06-03T02:00:00,SYS-002,0.0,0.0,0.0,0
2024-06-03T02:00:00,SYS-003,0.0,0.0,0.0,0
2024-06-03T02:00:00,SYS-004,0.0,0.0,0.0,0
2024-06-03T03:00:00,SYS-001,0.0,0.0,0.0,0
2024-06-03T03:00:00,SYS-002,0.0,0.0,0.0,0
2024-06-03T03:00:00,SYS-003,0.0,0.0,0.0,0
2024-06-03T03:00:00,SYS-004,0.0,0.0,0.0,0
2024-06-03T04:00:00,SYS-001,0.0,0.0,0.0,0
2024-06-03T04:00:00,SYS-002,0.0,0.0,0.0,0
2024-06-03T04:00:00,SYS-003,0.0,0.0,0.0,0
2024-06-03T04:00:00,SYS-004,0.0,0.0,0.0,0
2024-06-03T05:00:00,SYS-001,0.0,0.0,0.0,0
2024-06-03T05:00:00,SYS-002,0.0,0.0,0.0,0
2024-06-03T05:00:00,SYS-003,0.0,0.0,0.0,0
2024-06-03T05:00:00,SYS-004,0.0,0.0,0.0,0
2024-06-03T06:00:00,SYS-001,0.0,0.0,0.0,0
2024-06-03T06:00:00,SYS-002,0.0,0.0,0.0,0
2024-06-03T06:00:00,SYS-003,0.0,0.0,0.0,0
2024-06-03T06:00:00,SYS-004,0.0,0.0,0.0,0
2024-06-03T07:00:00,SYS-001,90.9,772.8,117.62,191.0
2024-06-03T07:00:00,SYS-002,46.67,774.8,60.23,196.3
2024-06-03T07:00:00,SYS-003,57.03,771.3,73.94,187.1
2024-06-03T07:00:00,SYS-004,32.42,772.2,41.98,189.4
2024-06-03T08:00:00,SYS-001,178.13,842.7,211.38,374.3
2024-06-03T08:00:00,SYS-002,86.66,839.0,103.29,364.5
2024-06-03T08:00:00,SYS-003,115.95,845.0,137.22,380.4
2024-06-03T08:00:00,SYS-004,65.26,845.4,77.19,381.2
2024-06-03T09:00:00,SYS-001,254.0,903.5,281.13,533.8
2024-06-03T09:00:00,SYS-002,118.73,890.4,133.34,499.4
2024-06-03T09:00:00,SYS-003,152.81,891.2,171.47,501.4
2024-06-03T09:00:00,SYS-004,87.67,895.3,97.92,512.2
2024-06-03T10:00:00,SYS-001,294.05,935.6,314.29,617.9
2024-06-03T10:00:00,SYS-002,145.47,933.3,155.87,611.9
2024-06-03T10:00:00,SYS-003,188.8,936.2,201.67,619.4
2024-06-03T10:00:00,SYS-004,108.66,942.0,115.35,634.8
2024-06-03T11:00:00,SYS-001,349.6,980.1,356.7,734.7
2024-06-03T11:00:00,SYS-002,168.08,969.6,173.35,707.0
2024-06-03T11:00:00,SYS-003,219.43,974.5,225.17,719.9
2024-06-03T11:00:00,SYS-004,122.48,972.8,125.9,715.5
2024-06-03T12:00:00,SYS-001,344.59,976.1,353.03,724.1
2024-06-03T12:00:00,SYS-002,169.0,971.0,174.05,710.9
2024-06-03T12:00:00,SYS-003,227.79,984.9,231.28,747.4
2024-06-03T12:00:00,SYS-004,125.24,979.0,127.93,731.7
2024-06-03T13:00:00,SYS-001,334.18,967.7,345.33,702.2
2024-06-03T13:00:00,SYS-002,163.16,961.7,169.66,686.3
2024-06-03T13:00:00,SYS-003,217.71,972.3,223.91,714.3
2024-06-03T13:00:00,SYS-004,123.03,974.0,126.31,718.8
2024-06-03T14:00:00,SYS-001,305.09,944.4,323.05,641.1
2024-06-03T14:00:00,SYS-002,147.87,937.1,157.8,622.0
2024-06-03T14:00:00,SYS-003,195.0,943.9,206.59,639.8
2024-06-03T14:00:00,SYS-004,109.86,944.7,116.29,641.8
2024-06-03T15:00:00,SYS-001,242.52,894.3,271.18,509.6
2024-06-03T15:00:00,SYS-002,118.58,890.2,133.21,498.8
2024-06-03T15:00:00,SYS-003,159.96,900.1,177.71,524.8
2024-06-03T15:00:00,SYS-004,87.76,895.5,98.0,512.7
2024-06-03T16:00:00,SYS-001,168.94,835.4,202.23,355.0
2024-06-03T16:00:00,SYS-002,85.71,837.4,102.35,360.5
2024-06-03T16:00:00,SYS-003,114.2,842.9,135.48,374.7
2024-06-03T16:00:00,SYS-004,62.79,839.9,74.76,366.8
2024-06-03T17:00:00,SYS-001,86.89,769.6,112.9,182.6
2024-06-03T17:00:00,SYS-002,44.57,771.5,57.77,187.5
2024-06-03T17:00:00,SYS-003,58.88,773.7,76.1,193.2
2024-06-03T17:00:00,SYS-004,33.48,774.6,43.22,195.6
2024-06-03T18:00:00,SYS-001,0.0,0.0,0.0,0.0
2024-06-03T18:00:00,SYS-002,0.0,0.0,0.0,0.0
2024-06-03T18:00:00,SYS-003,0.0,0.0,0.0,0.0
2024-06-03T18:00:00,SYS-004,0.0,0.0,0.0,0.0
2024-06-03T19:00:00,SYS-001,0.0,0.0,0.0,0
2024-06-03T19:00:00,SYS-002,0.0,0.0,0.0,0
2024-06-03T19:00:00,SYS-003,0.0,0.0,0.0,0
2024-06-03T19:00:00,SYS-004,0.0,0.0,0.0,0
2024-06-03T20:00:00,SYS-001,0.0,0.0,0.0,0
2024-06-03T20:00:00,SYS-002,0.0,0.0,0.0,0
2024-06-03T20:00:00,SYS-003,0.0,0.0,0.0,0
2024-06-03T20:00:00,SYS-004,0.0,0.0,0.0,0
2024-06-03T21:00:00,SYS-001,0.0,0.0,0.0,0
2024-06-03T21:00:00,SYS-002,0.0,0.0,0.0,0
2024-06-03T21:00:00,SYS-003,0.0,0.0,0.0,0
2024-06-03T21:00:00,SYS-004,0.0,0.0,0.0,0
2024-06-03T22:00:00,SYS-001,0.0,0.0,0.0,0
2024-06-03T22:00:00,SYS-002,0.0,0.0,0.0,0
2024-06-03T22:00:00,SYS-003,0.0,0.0,0.0,0
2024-06-03T22:00:00,SYS-004,0.0,0.0,0.0,0
2024-06-03T23:00:00,SYS-001,0.0,0.0,0.0,0
2024-06-03T23:00:00,SYS-002,0.0,0.0,0.0,0
2024-06-03T23:00:00,SYS-003,0.0,0.0,0.0,0
2024-06-03T23:00:00,SYS-004,0.0,0.0,0.0,0
2024-06-04T00:00:00,SYS-001,0.0,0.0,0.0,0
2024-06-04T00:00:00,SYS-002,0.0,0.0,0.0,0
2024-06-04T00:00:00,SYS-003,0.0,0.0,0.0,0
2024-06-04T00:00:00,SYS-004,0.0,0.0,0.0,0
2024-06-04T01:00:00,SYS-001,0.0,0.0,0.0,0
2024-06-04T01:00:00,SYS-002,0.0,0.0,0.0,0
2024-06-04T01:00:00,SYS-003,0.0,0.0,0.0,0
2024-06-04T01:00:00,SYS-004,0.0,0.0,0.0,0
2024-06-04T02:00:00,SYS-001,0.0,0.0,0.0,0
2024-06-04T02:00:00,SYS-002,0.0,0.0,0.0,0
2024-06-04T02:00:00,SYS-003,0.0,0.0,0.0,0
2024-06-04T02:00:00,SYS-004,0.0,0.0,0.0,0
2024-06-04T03:00:00,SYS-001,0.0,0.0,0.0,0
2024-06-04T03:00:00,SYS-002,0.0,0.0,0.0,0
2024-06-04T03:00:00,SYS-003,0.0,0.0,0.0,0
2024-06-04T03:00:00,SYS-004,0.0,0.0,0.0,0
2024-06-04T04:00:00,SYS-001,0.0,0.0,0.0,0
2024-06-04T04:00:00,SYS-002,0.0,0.0,0.0,0
2024-06-04T04:00:00,SYS-003,0.0,0.0,0.0,0
2024-06-04T04:00:00,SYS-004,0.0,0.0,0.0,0
2024-06-04T05:00:00,SYS-001,0.0,0.0,0.0,0
2024-06-04T05:00:00,SYS-002,0.0,0.0,0.0,0
2024-06-04T05:00:00,SYS-003,0.0,0.0,0.0,0
2024-06-04T05:00:00,SYS-004,0.0,0.0,0.0,0
2024-06-04T06:00:00,SYS-001,0.0,0.0,0.0,0
2024-06-04T06:00:00,SYS-002,0.0,0.0,0.0,0
2024-06-04T06:00:00,SYS-003,0.0,0.0,0.0,0
2024-06-04T06:00:00,SYS-004,0.0,0.0,0.0,0
2024-06-04T07:00:00,SYS-001,116.4,773.8,150.43,244.6
2024-06-04T07:00:00,SYS-002,55.05,769.8,71.51,231.5
2024-06-04T07:00:00,SYS-003,75.59,774.8,97.56,248.0
2024-06-04T07:00:00,SYS-004,39.95,770.4,51.86,233.4
2024-06-04T08:00:00,SYS-001,223.76,841.8,265.81,470.2
2024-06-04T08:00:00,SYS-002,110.4,840.1,131.41,464.4
2024-06-04T08:00:00,SYS-003,142.99,841.5,169.92,469.1
2024-06-04T08:00:00,SYS-004,78.46,838.3,93.59,458.3
2024-06-04T09:00:00,SYS-001,308.15,895.3,344.19,647.5
2024-06-04T09:00:00,SYS-002,159.53,902.4,176.78,671.0
2024-06-04T09:00:00,SYS-003,193.05,891.1,216.64,633.4
2024-06-04T09:00:00,SYS-004,109.65,893.2,122.76,640.6
2024-06-04T10:00:00,SYS-001,383.84,943.3,406.91,806.6
2024-06-04T10:00:00,SYS-002,195.4,947.9,206.14,821.9
2024-06-04T10:00:00,SYS-003,252.64,950.0,265.94,828.9
2024-06-04T10:00:00,SYS-004,137.56,942.4,145.97,803.6
2024-06-04T11:00:00,SYS-001,434.4,975.4,445.36,912.9
2024-06-04T11:00:00,SYS-002,210.11,966.6,217.37,883.7
2024-06-04T11:00:00,SYS-003,271.65,968.9,280.37,891.3
2024-06-04T11:00:00,SYS-004,151.66,967.3,156.79,886.0
2024-06-04T12:00:00,SYS-001,426.69,970.5,439.66,896.6
2024-06-04T12:00:00,SYS-002,228.67,990.1,230.96,961.8
2024-06-04T12:00:00,SYS-003,273.11,970.3,281.47,896.1
2024-06-04T12:00:00,SYS-004,160.22,982.4,163.09,936.0
2024-06-04T13:00:00,SYS-001,429.18,972.1,441.5,901.9
2024-06-04T13:00:00,SYS-002,206.56,962.1,214.7,868.8
2024-06-04T13:00:00,SYS-003,268.06,965.3,277.7,879.5
2024-06-04T13:00:00,SYS-004,158.59,979.5,161.91,926.4
2024-06-04T14:00:00,SYS-001,394.73,950.2,415.42,829.5
2024-06-04T14:00:00,SYS-002,188.35,939.0,200.59,792.2
2024-06-04T14:00:00,SYS-003,251.89,949.3,265.34,826.4
2024-06-04T14:00:00,SYS-004,137.7,942.7,146.07,804.4
2024-06-04T15:00:00,SYS-001,300.49,890.5,337.44,631.5
2024-06-04T15:00:00,SYS-002,157.44,899.8,174.97,662.2
2024-06-04T15:00:00,SYS-003,200.46,898.4,223.13,657.7
2024-06-04T15:00:00,SYS-004,113.63,900.2,126.23,663.8
2024-06-04T16:00:00,SYS-001,225.8,843.1,267.82,474.5
2024-06-04T16:00:00,SYS-002,113.96,844.6,134.93,479.3
2024-06-04T16:00:00,SYS-003,139.45,838.0,166.41,457.5
2024-06-04T16:00:00,SYS-004,81.64,843.9,96.74,476.9
2024-06-04T17:00:00,SYS-001,112.52,771.3,145.88,236.4
2024-06-04T17:00:00,SYS-002,55.53,770.5,72.07,233.6
2024-06-04T17:00:00,SYS-003,73.59,772.8,95.23,241.5
2024-06-04T17:00:00,SYS-004,41.38,772.9,53.54,241.7
2024-06-04T18:00:00,SYS-001,0.0,0.0,0.0,0.0
2024-06-04T18:00:00,SYS-002,0.0,0.0,0.0,0.0
2024-06-04T18:00:00,SYS-003,0.0,0.0,0.0,0.0
2024-06-04T18:00:00,SYS-004,0.0,0.0,0.0,0.0
2024-06-04T19:00:00,SYS-001,0.0,0.0,0.0,0
2024-06-04T19:00:00,SYS-002,0.0,0.0,0.0,0
2024-06-04T19:00:00,SYS-003,0.0,0.0,0.0,0
2024-06-04T19:00:00,SYS-004,0.0,0.0,0.0,0
2024-06-04T20:00:00,SYS-001,0.0,0.0,0.0,0
2024-06-04T20:00:00,SYS-002,0.0,0.0,0.0,0
2024-06-04T20:00:00,SYS-003,0.0,0.0,0.0,0
2024-06-04T20:00:00,SYS-004,0.0,0.0,0.0,0
2024-06-04T21:00:00,SYS-001,0.0,0.0,0.0,0
2024-06-04T21:00:00,SYS-002,0.0,0.0,0.0,0
2024-06-04T21:00:00,SYS-003,0.0,0.0,0.0,0
2024-06-04T21:00:00,SYS-004,0.0,0.0,0.0,0
2024-06-04T22:00:00,SYS-001,0.0,0.0,0.0,0
2024-06-04T22:00:00,SYS-002,0.0,0.0,0.0,0
2024-06-04T22:00:00,SYS-003,0.0,0.0,0.0,0
2024-06-04T22:00:00,SYS-004,0.0,0.0,0.0,0
2024-06-04T23:00:00,SYS-001,0.0,0.0,0.0,0
2024-06-04T23:00:00,SYS-002,0.0,0.0,0.0,0
2024-06-04T23:00:00,SYS-003,0.0,0.0,0.0,0
2024-06-04T23:00:00,SYS-004,0.0,0.0,0.0,0
2024-06-05T00:00:00,SYS-001,0.0,0.0,0.0,0
2024-06-05T00:00:00,SYS-002,0.0,0.0,0.0,0
2024-06-05T00:00:00,SYS-003,0.0,0.0,0.0,0
2024-06-05T00:00:00,SYS-004,0.0,0.0,0.0,0
2024-06-05T01:00:00,SYS-001,0.0,0.0,0.0,0
2024-06-05T01:00:00,SYS-002,0.0,0.0,0.0,0
2024-06-05T01:00:00,SYS-003,0.0,0.0,0.0,0
2024-06-05T01:00:00,SYS-004,0.0,0.0,0.0,0
2024-06-05T02:00:00,SYS-001,0.0,0.0,0.0,0
2024-06-05T02:00:00,SYS-002,0.0,0.0,0.0,0
2024-06-05T02:00:00,SYS-003,0.0,0.0,0.0,0
2024-06-05T02:00:00,SYS-004,0.0,0.0,0.0,0
2024-06-05T03:00:00,SYS-001,0.0,0.0,0.0,0
2024-06-05T03:00:00,SYS-002,0.0,0.0,0.0,0
2024-06-05T03:00:00,SYS-003,0.0,0.0,0.0,0
2024-06-05T03:00:00,SYS-004,0.0,0.0,0.0,0
2024-06-05T04:00:00,SYS-001,0.0,0.0,0.0,0
2024-06-05T04:00:00,SYS-002,0.0,0.0,0.0,0
2024-06-05T04:00:00,SYS-003,0.0,0.0,0.0,0
2024-06-05T04:00:00,SYS-004,0.0,0.0,0.0,0
2024-06-05T05:00:00,SYS-001,0.0,0.0,0.0,0
2024-06-05T05:00:00,SYS-002,0.0,0.0,0.0,0
2024-06-05T05:00:00,SYS-003,0.0,0.0,0.0,0
2024-06-05T05:00:00,SYS-004,0.0,0.0,0.0,0
2024-06-05T06:00:00,SYS-001,0.0,0.0,0.0,0
2024-06-05T06:00:00,SYS-002,0.0,0.0,0.0,0
2024-06-05T06:00:00,SYS-003,0.0,0.0,0.0,0
2024-06-05T06:00:00,SYS-004,0.0,0.0,0.0,0
2024-06-05T07:00:00,SYS-001,124.59,774.9,160.78,261.8
2024-06-05T07:00:00,SYS-002,62.65,775.4,80.8,263.5
2024-06-05T07:00:00,SYS-003,79.88,774.9,103.08,262.1
2024-06-05T07:00:00,SYS-004,45.06,775.3,58.12,263.2
2024-06-05T08:00:00,SYS-001,241.16,844.9,285.43,506.8
2024-06-05T08:00:00,SYS-002,113.26,836.2,135.45,476.4
2024-06-05T08:00:00,SYS-003,152.7,843.3,181.07,501.0
2024-06-05T08:00:00,SYS-004,86.47,844.4,102.4,505.2
2024-06-05T09:00:00,SYS-001,321.18,893.0,359.66,674.9
2024-06-05T09:00:00,SYS-002,161.13,893.8,180.28,677.7
2024-06-05T09:00:00,SYS-003,202.79,890.3,227.78,665.3
2024-06-05T09:00:00,SYS-004,116.69,894.9,130.39,681.7
2024-06-05T10:00:00,SYS-001,397.44,938.8,423.35,835.2
2024-06-05T10:00:00,SYS-002,197.08,937.0,210.33,829.0
2024-06-05T10:00:00,SYS-003,256.72,940.9,272.85,842.3
2024-06-05T10:00:00,SYS-004,141.89,937.0,151.43,828.9
2024-06-05T11:00:00,SYS-001,448.18,969.3,462.37,941.8
2024-06-05T11:00:00,SYS-002,225.72,971.5,232.34,949.4
2024-06-05T11:00:00,SYS-003,288.75,970.9,297.4,947.4
2024-06-05T11:00:00,SYS-004,162.04,970.7,166.93,946.6
2024-06-05T12:00:00,SYS-001,449.49,970.1,463.34,944.6
2024-06-05T12:00:00,SYS-002,238.69,987.1,241.81,1004.0
2024-06-05T12:00:00,SYS-003,288.03,970.2,296.88,945.0
2024-06-05T12:00:00,SYS-004,161.34,969.5,166.42,942.5
2024-06-05T13:00:00,SYS-001,455.35,973.6,467.7,956.9
2024-06-05T13:00:00,SYS-002,232.19,979.3,237.1,976.6
2024-06-05T13:00:00,SYS-003,291.82,973.8,299.67,957.5
2024-06-05T13:00:00,SYS-004,164.86,975.4,169.02,963.1
2024-06-05T14:00:00,SYS-001,409.15,945.9,432.55,859.8
2024-06-05T14:00:00,SYS-002,199.13,939.5,211.95,837.6
2024-06-05T14:00:00,SYS-003,264.86,948.5,279.24,869.0
2024-06-05T14:00:00,SYS-004,141.75,936.8,151.31,828.1
2024-06-05T15:00:00,SYS-001,317.6,890.8,356.53,667.4
2024-06-05T15:00:00,SYS-002,169.4,903.8,187.43,712.5
2024-06-05T15:00:00,SYS-003,214.94,901.7,238.37,705.2
2024-06-05T15:00:00,SYS-004,116.64,894.9,130.34,681.4
2024-06-05T16:00:00,SYS-001,224.8,835.1,269.19,472.4
2024-06-05T16:00:00,SYS-002,115.72,839.2,137.89,486.7
2024-06-05T16:00:00,SYS-003,152.64,843.2,181.02,500.8
2024-06-05T16:00:00,SYS-004,85.51,842.8,101.46,499.6
2024-06-05T17:00:00,SYS-001,123.55,774.2,159.58,259.6
2024-06-05T17:00:00,SYS-002,58.49,770.3,75.93,246.0
2024-06-05T17:00:00,SYS-003,79.39,774.5,102.5,260.5
2024-06-05T17:00:00,SYS-004,43.98,773.5,56.86,257.0
2024-06-05T18:00:00,SYS-001,0.0,0.0,0.0,0.0
2024-06-05T18:00:00,SYS-002,0.0,0.0,0.0,0.0
2024-06-05T18:00:00,SYS-003,0.0,0.0,0.0,0.0
2024-06-05T18:00:00,SYS-004,0.0,0.0,0.0,0.0
2024-06-05T19:00:00,SYS-001,0.0,0.0,0.0,0
2024-06-05T19:00:00,SYS-002,0.0,0.0,0.0,0
2024-06-05T19:00:00,SYS-003,0.0,0.0,0.0,0
2024-06-05T19:00:00,SYS-004,0.0,0.0,0.0,0
2024-06-05T20:00:00,SYS-001,0.0,0.0,0.0,0
2024-06-05T20:00:00,SYS-002,0.0,0.0,0.0,0
2024-06-05T20:00:00,SYS-003,0.0,0.0,0.0,0
2024-06-05T20:00:00,SYS-004,0.0,0.0,0.0,0
2024-06-05T21:00:00,SYS-001,0.0,0.0,0.0,0
2024-06-05T21:00:00,SYS-002,0.0,0.0,0.0,0
2024-06-05T21:00:00,SYS-003,0.0,0.0,0.0,0
2024-06-05T21:00:00,SYS-004,0.0,0.0,0.0,0
2024-06-05T22:00:00,SYS-001,0.0,0.0,0.0,0
2024-06-05T22:00:00,SYS-002,0.0,0.0,0.0,0
2024-06-05T22:00:00,SYS-003,0.0,0.0,0.0,0
2024-06-05T22:00:00,SYS-004,0.0,0.0,0.0,0
2024-06-05T23:00:00,SYS-001,0.0,0.0,0.0,0
2024-06-05T23:00:00,SYS-002,0.0,0.0,0.0,0
2024-06-05T23:00:00,SYS-003,0.0,0.0,0.0,0
2024-06-05T23:00:00,SYS-004,0.0,0.0,0.0,0
2024-06-06T00:00:00,SYS-001,0.0,0.0,0.0,0
2024-06-06T00:00:00,SYS-002,0.0,0.0,0.0,0
2024-06-06T00:00:00,SYS-003,0.0,0.0,0.0,0
2024-06-06T00:00:00,SYS-004,0.0,0.0,0.0,0
2024-06-06T01:00:00,SYS-001,0.0,0.0,0.0,0
2024-06-06T01:00:00,SYS-002,0.0,0.0,0.0,0
2024-06-06T01:00:00,SYS-003,0.0,0.0,0.0,0
2024-06-06T01:00:00,SYS-004,0.0,0.0,0.0,0
2024-06-06T02:00:00,SYS-001,0.0,0.0,0.0,0
2024-06-06T02:00:00,SYS-002,0.0,0.0,0.0,0
2024-06-06T02:00:00,SYS-003,0.0,0.0,0.0,0
2024-06-06T02:00:00,SYS-004,0.0,0.0,0.0,0
2024-06-06T03:00:00,SYS-001,0.0,0.0,0.0,0
2024-06-06T03:00:00,SYS-002,0.0,0.0,0.0,0
2024-06-06T03:00:00,SYS-003,0.0,0.0,0.0,0
2024-06-06T03:00:00,SYS-004,0.0,0.0,0.0,0
2024-06-06T04:00:00,SYS-001,0.0,0.0,0.0,0
2024-06-06T04:00:00,SYS-002,0.0,0.0,0.0,0
2024-06-06T04:00:00,SYS-003,0.0,0.0,0.0,0
2024-06-06T04:00:00,SYS-004,0.0,0.0,0.0,0
2024-06-06T05:00:00,SYS-001,0.0,0.0,0.0,0
2024-06-06T05:00:00,SYS-002,0.0,0.0,0.0,0
2024-06-06T05:00:00,SYS-003,0.0,0.0,0.0,0
2024-06-06T05:00:00,SYS-004,0.0,0.0,0.0,0
2024-06-06T06:00:00,SYS-001,0.0,0.0,0.0,0
2024-06-06T06:00:00,SYS-002,0.0,0.0,0.0,0
2024-06-06T06:00:00,SYS-003,0.0,0.0,0.0,0
2024-06-06T06:00:00,SYS-004,0.0,0.0,0.0,0
2024-06-06T07:00:00,SYS-001,97.1,770.0,126.1,204.0
2024-06-06T07:00:00,SYS-002,48.99,770.7,63.57,206.1
2024-06-06T07:00:00,SYS-003,64.99,773.2,84.05,213.2
2024-06-06T07:00:00,SYS-004,37.19,774.6,48.01,217.3
2024-06-06T08:00:00,SYS-001,189.51,836.6,226.52,398.2
2024-06-06T08:00:00,SYS-002,98.51,842.2,116.97,414.4
2024-06-06T08:00:00,SYS-003,127.5,843.5,151.16,418.3
2024-06-06T08:00:00,SYS-004,70.09,840.5,83.39,409.5
2024-06-06T09:00:00,SYS-001,279.15,901.3,309.72,586.6
2024-06-06T09:00:00,SYS-002,140.42,902.7,155.56,590.6
2024-06-06T09:00:00,SYS-003,178.1,900.5,197.78,584.3
2024-06-06T09:00:00,SYS-004,98.6,897.7,109.84,576.0
2024-06-06T10:00:00,SYS-001,337.46,943.3,357.74,709.1
2024-06-06T10:00:00,SYS-002,169.87,945.2,179.72,714.5
2024-06-06T10:00:00,SYS-003,217.92,945.3,230.53,715.0
2024-06-06T10:00:00,SYS-004,123.41,947.4,130.26,721.0
2024-06-06T11:00:00,SYS-001,375.4,970.7,386.73,788.9
2024-06-06T11:00:00,SYS-002,185.76,968.1,191.88,781.3
2024-06-06T11:00:00,SYS-003,231.1,960.2,240.68,758.2
2024-06-06T11:00:00,SYS-004,139.68,980.0,142.53,816.0
2024-06-06T12:00:00,SYS-001,387.78,979.6,395.86,814.9
2024-06-06T12:00:00,SYS-002,190.9,975.5,195.69,803.0
2024-06-06T12:00:00,SYS-003,252.23,984.0,256.33,827.6
2024-06-06T12:00:00,SYS-004,135.88,972.4,139.74,793.8
2024-06-06T13:00:00,SYS-001,365.61,963.6,379.42,768.3
2024-06-06T13:00:00,SYS-002,182.85,963.9,189.7,769.1
2024-06-06T13:00:00,SYS-003,245.08,975.9,251.13,804.1
2024-06-06T13:00:00,SYS-004,131.54,963.7,136.49,768.5
2024-06-06T14:00:00,SYS-001,337.03,943.0,357.4,708.2
2024-06-06T14:00:00,SYS-002,165.96,939.5,176.65,698.1
2024-06-06T14:00:00,SYS-003,211.9,938.6,225.76,695.2
2024-06-06T14:00:00,SYS-004,119.08,938.7,126.86,695.7
2024-06-06T15:00:00,SYS-001,266.62,892.3,298.8,560.3
2024-06-06T15:00:00,SYS-002,138.77,900.3,154.14,583.7
2024-06-06T15:00:00,SYS-003,173.25,895.1,193.55,568.4
2024-06-06T15:00:00,SYS-004,95.9,892.2,107.49,560.2
2024-06-06T16:00:00,SYS-001,197.02,842.1,233.96,414.0
2024-06-06T16:00:00,SYS-002,93.36,834.7,111.85,392.7
2024-06-06T16:00:00,SYS-003,121.05,836.3,144.74,397.2
2024-06-06T16:00:00,SYS-004,67.68,835.7,80.99,395.4
2024-06-06T17:00:00,SYS-001,103.1,774.3,133.15,216.6
2024-06-06T17:00:00,SYS-002,48.61,770.2,63.11,204.5
2024-06-06T17:00:00,SYS-003,64.11,772.2,83.02,210.3
2024-06-06T17:00:00,SYS-004,36.95,774.1,47.73,215.9
2024-06-06T18:00:00,SYS-001,0.0,0.0,0.0,0.0
2024-06-06T18:00:00,SYS-002,0.0,0.0,0.0,0.0
2024-06-06T18:00:00,SYS-003,0.0,0.0,0.0,0.0
2024-06-06T18:00:00,SYS-004,0.0,0.0,0.0,0.0
2024-06-06T19:00:00,SYS-001,0.0,0.0,0.0,0
2024-06-06T19:00:00,SYS-002,0.0,0.0,0.0,0
2024-06-06T19:00:00,SYS-003,0.0,0.0,0.0,0
2024-06-06T19:00:00,SYS-004,0.0,0.0,0.0,0
2024-06-06T20:00:00,SYS-001,0.0,0.0,0.0,0
2024-06-06T20:00:00,SYS-002,0.0,0.0,0.0,0
2024-06-06T20:00:00,SYS-003,0.0,0.0,0.0,0
2024-06-06T20:00:00,SYS-004,0.0,0.0,0.0,0
2024-06-06T21:00:00,SYS-001,0.0,0.0,0.0,0
2024-06-06T21:00:00,SYS-002,0.0,0.0,0.0,0
2024-06-06T21:00:00,SYS-003,0.0,0.0,0.0,0
2024-06-06T21:00:00,SYS-004,0.0,0.0,0.0,0
2024-06-06T22:00:00,SYS-001,0.0,0.0,0.0,0
2024-06-06T22:00:00,SYS-002,0.0,0.0,0.0,0
2024-06-06T22:00:00,SYS-003,0.0,0.0,0.0,0
2024-06-06T22:00:00,SYS-004,0.0,0.0,0.0,0
2024-06-06T23:00:00,SYS-001,0.0,0.0,0.0,0
2024-06-06T23:00:00,SYS-002,0.0,0.0,0.0,0
2024-06-06T23:00:00,SYS-003,0.0,0.0,0.0,0
2024-06-06T23:00:00,SYS-004,0.0,0.0,0.0,0
2024-06-07T00:00:00,SYS-001,0.0,0.0,0.0,0
2024-06-07T00:00:00,SYS-002,0.0,0.0,0.0,0
2024-06-07T00:00:00,SYS-003,0.0,0.0,0.0,0
2024-06-07T00:00:00,SYS-004,0.0,0.0,0.0,0
2024-06-07T01:00:00,SYS-001,0.0,0.0,0.0,0
2024-06-07T01:00:00,SYS-002,0.0,0.0,0.0,0
2024-06-07T01:00:00,SYS-003,0.0,0.0,0.0,0
2024-06-07T01:00:00,SYS-004,0.0,0.0,0.0,0
2024-06-07T02:00:00,SYS-001,0.0,0.0,0.0,0
2024-06-07T02:00:00,SYS-002,0.0,0.0,0.0,0
2024-06-07T02:00:00,SYS-003,0.0,0.0,0.0,0
2024-06-07T02:00:00,SYS-004,0.0,0.0,0.0,0
2024-06-07T03:00:00,SYS-001,0.0,0.0,0.0,0
2024-06-07T03:00:00,SYS-002,0.0,0.0,0.0,0
2024-06-07T03:00:00,SYS-003,0.0,0.0,0.0,0
2024-06-07T03:00:00,SYS-004,0.0,0.0,0.0,0
2024-06-07T04:00:00,SYS-001,0.0,0.0,0.0,0
2024-06-07T04:00:00,SYS-002,0.0,0.0,0.0,0
2024-06-07T04:00:00,SYS-003,0.0,0.0,0.0,0
2024-06-07T04:00:00,SYS-004,0.0,0.0,0.0,0
2024-06-07T05:00:00,SYS-001,0.0,0.0,0.0,0
2024-06-07T05:00:00,SYS-002,0.0,0.0,0.0,0
2024-06-07T05:00:00,SYS-003,0.0,0.0,0.0,0
2024-06-07T05:00:00,SYS-004,0.0,0.0,0.0,0
2024-06-07T06:00:00,SYS-001,0.0,0.0,0.0,0
2024-06-07T06:00:00,SYS-002,0.0,0.0,0.0,0
2024-06-07T06:00:00,SYS-003,0.0,0.0,0.0,0
2024-06-07T06:00:00,SYS-004,0.0,0.0,0.0,0
2024-06-07T07:00:00,SYS-001,118.9,773.7,153.68,249.9
2024-06-07T07:00:00,SYS-002,60.17,774.7,77.67,253.1
2024-06-07T07:00:00,SYS-003,72.22,769.9,93.8,236.9
2024-06-07T07:00:00,SYS-004,41.56,771.7,53.86,242.8
2024-06-07T08:00:00,SYS-001,218.54,835.6,261.54,459.2
2024-06-07T08:00:00,SYS-002,108.65,834.9,130.14,457.0
2024-06-07T08:00:00,SYS-003,140.51,836.1,168.05,461.0
2024-06-07T08:00:00,SYS-004,82.75,842.7,98.2,483.4
2024-06-07T09:00:00,SYS-001,313.35,894.4,350.35,658.5
2024-06-07T09:00:00,SYS-002,155.38,892.9,174.02,653.6
2024-06-07T09:00:00,SYS-003,203.87,897.4,227.18,668.9
2024-06-07T09:00:00,SYS-004,110.3,890.2,123.9,644.4
2024-06-07T10:00:00,SYS-001,389.81,941.8,413.9,819.1
2024-06-07T10:00:00,SYS-002,201.57,950.3,212.11,847.8
2024-06-07T10:00:00,SYS-003,245.04,937.3,261.43,804.0
2024-06-07T10:00:00,SYS-004,135.01,932.8,144.74,788.7
2024-06-07T11:00:00,SYS-001,437.07,971.1,450.08,918.5
2024-06-07T11:00:00,SYS-002,221.53,975.0,227.21,931.8
2024-06-07T11:00:00,SYS-003,283.76,974.8,291.1,931.0
2024-06-07T11:00:00,SYS-004,152.25,962.5,158.18,889.4
2024-06-07T12:00:00,SYS-001,468.18,990.4,472.72,983.8
2024-06-07T12:00:00,SYS-002,229.15,984.5,232.76,963.8
2024-06-07T12:00:00,SYS-003,282.25,973.3,289.99,926.0
2024-06-07T12:00:00,SYS-004,161.94,979.2,165.38,946.0
2024-06-07T13:00:00,SYS-001,429.34,966.3,444.31,902.2
2024-06-07T13:00:00,SYS-002,223.53,977.5,228.68,940.2
2024-06-07T13:00:00,SYS-003,270.14,961.6,280.93,886.3
2024-06-07T13:00:00,SYS-004,153.84,965.3,159.37,898.7
2024-06-07T14:00:00,SYS-001,398.69,947.3,420.87,837.8
2024-06-07T14:00:00,SYS-002,187.68,933.0,201.16,789.4
2024-06-07T14:00:00,SYS-003,247.83,940.0,263.65,813.1
2024-06-07T14:00:00,SYS-004,144.14,948.6,151.95,842.1
2024-06-07T15:00:00,SYS-001,309.72,892.1,347.18,650.8
2024-06-07T15:00:00,SYS-002,158.97,897.4,177.15,668.7
2024-06-07T15:00:00,SYS-003,196.75,890.5,220.94,645.5
2024-06-07T15:00:00,SYS-004,112.8,894.5,126.1,658.9
2024-06-07T16:00:00,SYS-001,222.01,837.7,265.02,466.5
2024-06-07T16:00:00,SYS-002,109.49,835.9,130.98,460.5
2024-06-07T16:00:00,SYS-003,148.06,843.4,175.55,485.8
2024-06-07T16:00:00,SYS-004,81.48,840.5,96.94,476.0
2024-06-07T17:00:00,SYS-001,113.84,770.6,147.73,239.2
2024-06-07T17:00:00,SYS-002,56.31,769.9,73.14,236.8
2024-06-07T17:00:00,SYS-003,77.67,775.2,100.19,254.8
2024-06-07T17:00:00,SYS-004,43.43,774.9,56.05,253.7
2024-06-07T18:00:00,SYS-001,0.0,0.0,0.0,0.0
2024-06-07T18:00:00,SYS-002,0.0,0.0,0.0,0.0
2024-06-07T18:00:00,SYS-003,0.0,0.0,0.0,0.0
2024-06-07T18:00:00,SYS-004,0.0,0.0,0.0,0.0
2024-06-07T19:00:00,SYS-001,0.0,0.0,0.0,0
2024-06-07T19:00:00,SYS-002,0.0,0.0,0.0,0
2024-06-07T19:00:00,SYS-003,0.0,0.0,0.0,0
2024-06-07T19:00:00,SYS-004,0.0,0.0,0.0,0
2024-06-07T20:00:00,SYS-001,0.0,0.0,0.0,0
2024-06-07T20:00:00,SYS-002,0.0,0.0,0.0,0
2024-06-07T20:00:00,SYS-003,0.0,0.0,0.0,0
2024-06-07T20:00:00,SYS-004,0.0,0.0,0.0,0
2024-06-07T21:00:00,SYS-001,0.0,0.0,0.0,0
2024-06-07T21:00:00,SYS-002,0.0,0.0,0.0,0
2024-06-07T21:00:00,SYS-003,0.0,0.0,0.0,0
2024-06-07T21:00:00,SYS-004,0.0,0.0,0.0,0
2024-06-07T22:00:00,SYS-001,0.0,0.0,0.0,0
2024-06-07T22:00:00,SYS-002,0.0,0.0,0.0,0
2024-06-07T22:00:00,SYS-003,0.0,0.0,0.0,0
2024-06-07T22:00:00,SYS-004,0.0,0.0,0.0,0
2024-06-07T23:00:00,SYS-001,0.0,0.0,0.0,0
2024-06-07T23:00:00,SYS-002,0.0,0.0,0.0,0
2024-06-07T23:00:00,SYS-003,0.0,0.0,0.0,0
2024-06-07T23:00:00,SYS-004,0.0,0.0,0.0,0
